segment,total_profit
Government,11388173.179999985
Small Business,4143168.5
Channel Partners,1316803.1400000001
Enterprise,940096.88
Midmarket,660103.0899999999
