country,total_sales,min_sales,max_sales
United States of America,25029830.18000001,1730.54,1159200
Canada,24887654.890000004,1655.08,1038082.5
France,24354172.290000007,1763.86,962500
Germany,23505340.82000001,1685.6,1017338
Mexico,20949352.11,2508.66,848172.5
